data,folder,caption,tags
2026-04-01,/disco2/dati_home/Scaricati/Personale/ia/work/sito_programmazione/appuntidiprogrammazione/generazione_slide/output_img/thymeleaf/Security_SpEL_Expressions/Restrizione_Type_Reference_in_SpEL,Thymeleaf: Restrizione Type Reference in SpEL,#thymeleaf #springboot #java #frontend #webdev #developers #coding #programming
2026-04-06,/disco2/dati_home/Scaricati/Personale/ia/work/sito_programmazione/appuntidiprogrammazione/generazione_slide/output_img/thymeleaf/Security_SpEL_Expressions/SSTI_Server_Side_Template_Injection_Prevention,Thymeleaf: SSTI Server Side Template Injection Prevention,#thymeleaf #springboot #java #frontend #webdev #developers #coding #programming
2026-04-08,/disco2/dati_home/Scaricati/Personale/ia/work/sito_programmazione/appuntidiprogrammazione/generazione_slide/output_img/thymeleaf/Security_SpEL_Expressions/Escaping_Avanzato_th_text_vs_th_utext,Thymeleaf: Escaping Avanzato th text vs th utext,#thymeleaf #springboot #java #frontend #webdev #developers #coding #programming
2026-04-13,/disco2/dati_home/Scaricati/Personale/ia/work/sito_programmazione/appuntidiprogrammazione/generazione_slide/output_img/thymeleaf/Security_SpEL_Expressions/CSRF_Token_Injection_in_AJAX,Thymeleaf: CSRF Token Injection in AJAX,#thymeleaf #springboot #java #frontend #webdev #developers #coding #programming
2026-04-15,/disco2/dati_home/Scaricati/Personale/ia/work/sito_programmazione/appuntidiprogrammazione/generazione_slide/output_img/thymeleaf/Security_SpEL_Expressions/Security_Dialect_sec_authorize,Thymeleaf: Security Dialect sec authorize,#thymeleaf #springboot #java #frontend #webdev #developers #coding #programming
2026-04-20,/disco2/dati_home/Scaricati/Personale/ia/work/sito_programmazione/appuntidiprogrammazione/generazione_slide/output_img/thymeleaf/Performance_tuning_Caching/Fragment_Caching_JCache_Redis_,Thymeleaf: Fragment Caching JCache Redis ,#thymeleaf #springboot #java #frontend #webdev #developers #coding #programming
2026-04-22,/disco2/dati_home/Scaricati/Personale/ia/work/sito_programmazione/appuntidiprogrammazione/generazione_slide/output_img/thymeleaf/Performance_tuning_Caching/Evitare_il_Reflection_Stack_con_th_with,Thymeleaf: Evitare il Reflection Stack con th with,#thymeleaf #springboot #java #frontend #webdev #developers #coding #programming
2026-04-27,/disco2/dati_home/Scaricati/Personale/ia/work/sito_programmazione/appuntidiprogrammazione/generazione_slide/output_img/thymeleaf/Performance_tuning_Caching/SpEL_Compilation_Mode,Thymeleaf: SpEL Compilation Mode,#thymeleaf #springboot #java #frontend #webdev #developers #coding #programming
2026-04-29,/disco2/dati_home/Scaricati/Personale/ia/work/sito_programmazione/appuntidiprogrammazione/generazione_slide/output_img/thymeleaf/Performance_tuning_Caching/Ottimizzazione_Inline_JS_Jackson_Integration_,Thymeleaf: Ottimizzazione Inline JS Jackson Integration ,#thymeleaf #springboot #java #frontend #webdev #developers #coding #programming
2026-05-04,/disco2/dati_home/Scaricati/Personale/ia/work/sito_programmazione/appuntidiprogrammazione/generazione_slide/output_img/thymeleaf/Performance_tuning_Caching/Thymeleaf_Reactive_Data_Driven_,Thymeleaf: Thymeleaf Reactive Data Driven ,#thymeleaf #springboot #java #frontend #webdev #developers #coding #programming
2026-05-06,/disco2/dati_home/Scaricati/Personale/ia/work/sito_programmazione/appuntidiprogrammazione/generazione_slide/output_img/thymeleaf/Custom_Dialects_Processors/Element_Tag_Processors_Web_Components_,Thymeleaf: Element Tag Processors Web Components ,#thymeleaf #springboot #java #frontend #webdev #developers #coding #programming
2026-05-11,/disco2/dati_home/Scaricati/Personale/ia/work/sito_programmazione/appuntidiprogrammazione/generazione_slide/output_img/thymeleaf/Custom_Dialects_Processors/Precedenza_dei_Processori,Thymeleaf: Precedenza dei Processori,#thymeleaf #springboot #java #frontend #webdev #developers #coding #programming
2026-05-13,/disco2/dati_home/Scaricati/Personale/ia/work/sito_programmazione/appuntidiprogrammazione/generazione_slide/output_img/thymeleaf/Custom_Dialects_Processors/Decoupled_Logic_th_ref_,Thymeleaf: Decoupled Logic th ref ,#thymeleaf #springboot #java #frontend #webdev #developers #coding #programming
2026-05-18,/disco2/dati_home/Scaricati/Personale/ia/work/sito_programmazione/appuntidiprogrammazione/generazione_slide/output_img/thymeleaf/Custom_Dialects_Processors/Expression_Objects_Custom,Thymeleaf: Expression Objects Custom,#thymeleaf #springboot #java #frontend #webdev #developers #coding #programming
2026-05-20,/disco2/dati_home/Scaricati/Personale/ia/work/sito_programmazione/appuntidiprogrammazione/generazione_slide/output_img/thymeleaf/Custom_Dialects_Processors/Custom_Dialects_e_IProcessor,Thymeleaf: Custom Dialects e IProcessor,#thymeleaf #springboot #java #frontend #webdev #developers #coding #programming
2026-05-25,/disco2/dati_home/Scaricati/Personale/ia/work/sito_programmazione/appuntidiprogrammazione/generazione_slide/output_img/thymeleaf/Advanced_Layout_Templating/Thymeleaf_Layout_Dialect_Decoration_,Thymeleaf: Thymeleaf Layout Dialect Decoration ,#thymeleaf #springboot #java #frontend #webdev #developers #coding #programming
2026-05-27,/disco2/dati_home/Scaricati/Personale/ia/work/sito_programmazione/appuntidiprogrammazione/generazione_slide/output_img/thymeleaf/Advanced_Layout_Templating/Dynamic_Fragment_Injection,Thymeleaf: Dynamic Fragment Injection,#thymeleaf #springboot #java #frontend #webdev #developers #coding #programming
2026-06-01,/disco2/dati_home/Scaricati/Personale/ia/work/sito_programmazione/appuntidiprogrammazione/generazione_slide/output_img/thymeleaf/Advanced_Layout_Templating/Component_Based_Architecture_Fragment_Parameters_,Thymeleaf: Component Based Architecture Fragment Parameters ,#thymeleaf #springboot #java #frontend #webdev #developers #coding #programming
2026-06-03,/disco2/dati_home/Scaricati/Personale/ia/work/sito_programmazione/appuntidiprogrammazione/generazione_slide/output_img/thymeleaf/Advanced_Layout_Templating/Headless_Ready_Fragment_Rendering_HTMX_,Thymeleaf: Headless Ready Fragment Rendering HTMX ,#thymeleaf #springboot #java #frontend #webdev #developers #coding #programming
2026-06-08,/disco2/dati_home/Scaricati/Personale/ia/work/sito_programmazione/appuntidiprogrammazione/generazione_slide/output_img/thymeleaf/Advanced_Layout_Templating/Synthetic_Local_Variables_ids_,Thymeleaf: Synthetic Local Variables ids ,#thymeleaf #springboot #java #frontend #webdev #developers #coding #programming
2026-06-10,/disco2/dati_home/Scaricati/Personale/ia/work/sito_programmazione/appuntidiprogrammazione/generazione_slide/output_img/thymeleaf/Spring_Integration_Flow_Archi/Type_Conversion_Formatter_System,Thymeleaf: Type Conversion Formatter System,#thymeleaf #springboot #java #frontend #webdev #developers #coding #programming
2026-06-15,/disco2/dati_home/Scaricati/Personale/ia/work/sito_programmazione/appuntidiprogrammazione/generazione_slide/output_img/thymeleaf/Spring_Integration_Flow_Archi/Error_Global_Loop_Validation_Binding,Thymeleaf: Error Global Loop Validation Binding,#thymeleaf #springboot #java #frontend #webdev #developers #coding #programming
2026-06-17,/disco2/dati_home/Scaricati/Personale/ia/work/sito_programmazione/appuntidiprogrammazione/generazione_slide/output_img/thymeleaf/Spring_Integration_Flow_Archi/Reactive_SSE_Server_Sent_Events_Streaming,Thymeleaf: Reactive SSE Server Sent Events Streaming,#thymeleaf #springboot #java #frontend #webdev #developers #coding #programming
2026-06-22,/disco2/dati_home/Scaricati/Personale/ia/work/sito_programmazione/appuntidiprogrammazione/generazione_slide/output_img/thymeleaf/Spring_Integration_Flow_Archi/Post_Redirect_Get_PRG_Flash_Attributes,Thymeleaf: Post Redirect Get PRG Flash Attributes,#thymeleaf #springboot #java #frontend #webdev #developers #coding #programming
2026-06-24,/disco2/dati_home/Scaricati/Personale/ia/work/sito_programmazione/appuntidiprogrammazione/generazione_slide/output_img/thymeleaf/Spring_Integration_Flow_Archi/Multi_Layout_ViewResolver_Order,Thymeleaf: Multi Layout ViewResolver Order,#thymeleaf #springboot #java #frontend #webdev #developers #coding #programming
2026-06-29,/disco2/dati_home/Scaricati/Personale/ia/work/sito_programmazione/appuntidiprogrammazione/generazione_slide/output_img/js/Design_Patterns_Architecture/Inversion_of_Control_IoC_e_Dependency_Injection,Js: Inversion of Control IoC e Dependency Injection,#javascript #vanillajs #nodejs #typescript #webdev #developers #coding #programming
2026-07-01,/disco2/dati_home/Scaricati/Personale/ia/work/sito_programmazione/appuntidiprogrammazione/generazione_slide/output_img/js/Design_Patterns_Architecture/Pattern_Observer_e_RxJS_Multicasting,Js: Pattern Observer e RxJS Multicasting,#javascript #vanillajs #nodejs #typescript #webdev #developers #coding #programming
2026-07-06,/disco2/dati_home/Scaricati/Personale/ia/work/sito_programmazione/appuntidiprogrammazione/generazione_slide/output_img/js/Design_Patterns_Architecture/Monadi_Maybe_Either_per_Error_Handling,Js: Monadi Maybe Either per Error Handling,#javascript #vanillajs #nodejs #typescript #webdev #developers #coding #programming
2026-07-08,/disco2/dati_home/Scaricati/Personale/ia/work/sito_programmazione/appuntidiprogrammazione/generazione_slide/output_img/js/Design_Patterns_Architecture/Event_Sourcing_e_State_Reconstitution,Js: Event Sourcing e State Reconstitution,#javascript #vanillajs #nodejs #typescript #webdev #developers #coding #programming
2026-07-13,/disco2/dati_home/Scaricati/Personale/ia/work/sito_programmazione/appuntidiprogrammazione/generazione_slide/output_img/js/Design_Patterns_Architecture/CQRS_Command_Query_Responsibility_Segregation_,Js: CQRS Command Query Responsibility Segregation ,#javascript #vanillajs #nodejs #typescript #webdev #developers #coding #programming
2026-07-15,/disco2/dati_home/Scaricati/Personale/ia/work/sito_programmazione/appuntidiprogrammazione/generazione_slide/output_img/js/V8_Engine_Runtime_Performance/De_ottimizzazione_e_Type_Instability,Js: De ottimizzazione e Type Instability,#javascript #vanillajs #nodejs #typescript #webdev #developers #coding #programming
2026-07-20,/disco2/dati_home/Scaricati/Personale/ia/work/sito_programmazione/appuntidiprogrammazione/generazione_slide/output_img/js/V8_Engine_Runtime_Performance/Off_Main_Thread_OMT_e_Workers,Js: Off Main Thread OMT e Workers,#javascript #vanillajs #nodejs #typescript #webdev #developers #coding #programming
2026-07-22,/disco2/dati_home/Scaricati/Personale/ia/work/sito_programmazione/appuntidiprogrammazione/generazione_slide/output_img/js/V8_Engine_Runtime_Performance/Hidden_Classes_Shapes_e_Inline_Caching,Js: Hidden Classes Shapes e Inline Caching,#javascript #vanillajs #nodejs #typescript #webdev #developers #coding #programming
2026-07-27,/disco2/dati_home/Scaricati/Personale/ia/work/sito_programmazione/appuntidiprogrammazione/generazione_slide/output_img/js/V8_Engine_Runtime_Performance/Typed_Arrays_e_Unboxed_Numerics,Js: Typed Arrays e Unboxed Numerics,#javascript #vanillajs #nodejs #typescript #webdev #developers #coding #programming
2026-07-29,/disco2/dati_home/Scaricati/Personale/ia/work/sito_programmazione/appuntidiprogrammazione/generazione_slide/output_img/js/V8_Engine_Runtime_Performance/Garbage_Collection_Scavenger_vs_Mark_Sweep,Js: Garbage Collection Scavenger vs Mark Sweep,#javascript #vanillajs #nodejs #typescript #webdev #developers #coding #programming
2026-08-03,/disco2/dati_home/Scaricati/Personale/ia/work/sito_programmazione/appuntidiprogrammazione/generazione_slide/output_img/js/Security_Cryptography/Argon2_e_Key_Derivation_KDF_,Js: Argon2 e Key Derivation KDF ,#javascript #vanillajs #nodejs #typescript #webdev #developers #coding #programming
2026-08-05,/disco2/dati_home/Scaricati/Personale/ia/work/sito_programmazione/appuntidiprogrammazione/generazione_slide/output_img/js/Security_Cryptography/JWT_Signature_Bypass_e_Algorithm_none_,Js: JWT Signature Bypass e Algorithm none ,#javascript #vanillajs #nodejs #typescript #webdev #developers #coding #programming
2026-08-10,/disco2/dati_home/Scaricati/Personale/ia/work/sito_programmazione/appuntidiprogrammazione/generazione_slide/output_img/js/Security_Cryptography/Timing_Attacks_e_Constant_Time_Comparison,Js: Timing Attacks e Constant Time Comparison,#javascript #vanillajs #nodejs #typescript #webdev #developers #coding #programming
2026-08-12,/disco2/dati_home/Scaricati/Personale/ia/work/sito_programmazione/appuntidiprogrammazione/generazione_slide/output_img/js/Security_Cryptography/Subresource_Integrity_SRI_,Js: Subresource Integrity SRI ,#javascript #vanillajs #nodejs #typescript #webdev #developers #coding #programming
2026-08-17,/disco2/dati_home/Scaricati/Personale/ia/work/sito_programmazione/appuntidiprogrammazione/generazione_slide/output_img/js/Security_Cryptography/Content_Security_Policy_CSP_e_Nonces,Js: Content Security Policy CSP e Nonces,#javascript #vanillajs #nodejs #typescript #webdev #developers #coding #programming
2026-08-19,/disco2/dati_home/Scaricati/Personale/ia/work/sito_programmazione/appuntidiprogrammazione/generazione_slide/output_img/js/Security_Cryptography/WebCrypto_API_vs_Node_Crypto,Js: WebCrypto API vs Node Crypto,#javascript #vanillajs #nodejs #typescript #webdev #developers #coding #programming
2026-08-24,/disco2/dati_home/Scaricati/Personale/ia/work/sito_programmazione/appuntidiprogrammazione/generazione_slide/output_img/js/Node_js_Internals_Libuv/Libuv_Thread_Pool_UV_THREADPOOL_SIZE,Js: Libuv Thread Pool UV THREADPOOL SIZE,#javascript #vanillajs #nodejs #typescript #webdev #developers #coding #programming
2026-08-26,/disco2/dati_home/Scaricati/Personale/ia/work/sito_programmazione/appuntidiprogrammazione/generazione_slide/output_img/js/Node_js_Internals_Libuv/Zero_Copy_con_Buffer_allocUnsafe,Js: Zero Copy con Buffer allocUnsafe,#javascript #vanillajs #nodejs #typescript #webdev #developers #coding #programming
2026-08-31,/disco2/dati_home/Scaricati/Personale/ia/work/sito_programmazione/appuntidiprogrammazione/generazione_slide/output_img/js/Node_js_Internals_Libuv/Backpressure_in_Stream_Pipeline,Js: Backpressure in Stream Pipeline,#javascript #vanillajs #nodejs #typescript #webdev #developers #coding #programming
2026-09-02,/disco2/dati_home/Scaricati/Personale/ia/work/sito_programmazione/appuntidiprogrammazione/generazione_slide/output_img/js/Node_js_Internals_Libuv/Microtask_vs_Macrotask_Queue,Js: Microtask vs Macrotask Queue,#javascript #vanillajs #nodejs #typescript #webdev #developers #coding #programming
2026-09-07,/disco2/dati_home/Scaricati/Personale/ia/work/sito_programmazione/appuntidiprogrammazione/generazione_slide/output_img/js/Node_js_Internals_Libuv/Node_js_Cluster_Shared_Sockets,Js: Node js Cluster Shared Sockets,#javascript #vanillajs #nodejs #typescript #webdev #developers #coding #programming
2026-09-09,/disco2/dati_home/Scaricati/Personale/ia/work/sito_programmazione/appuntidiprogrammazione/generazione_slide/output_img/js/TypeScript_Advanced_Types/Discriminated_Unions_ed_Exhaustiveness_Checking,Js: Discriminated Unions ed Exhaustiveness Checking,#javascript #vanillajs #nodejs #typescript #webdev #developers #coding #programming
2026-09-14,/disco2/dati_home/Scaricati/Personale/ia/work/sito_programmazione/appuntidiprogrammazione/generazione_slide/output_img/js/TypeScript_Advanced_Types/Template_Literal_Types_TS_4_0_,Js: Template Literal Types TS 4 0 ,#javascript #vanillajs #nodejs #typescript #webdev #developers #coding #programming
2026-09-16,/disco2/dati_home/Scaricati/Personale/ia/work/sito_programmazione/appuntidiprogrammazione/generazione_slide/output_img/js/TypeScript_Advanced_Types/Conditional_Types_e_Inferenza_infer_,Js: Conditional Types e Inferenza infer ,#javascript #vanillajs #nodejs #typescript #webdev #developers #coding #programming
2026-09-21,/disco2/dati_home/Scaricati/Personale/ia/work/sito_programmazione/appuntidiprogrammazione/generazione_slide/output_img/db/Advanced_Replication_HA/Monitoring_Replication_Lag_LSN_Algebra_,Db: Monitoring Replication Lag LSN Algebra ,#database #db #postgresql #sql #backend #developers #coding #programming
2026-09-23,/disco2/dati_home/Scaricati/Personale/ia/work/sito_programmazione/appuntidiprogrammazione/generazione_slide/output_img/db/Advanced_Replication_HA/Fencing_e_STONITH_in_High_Availability,Db: Fencing e STONITH in High Availability,#database #db #postgresql #sql #backend #developers #coding #programming
2026-09-28,/disco2/dati_home/Scaricati/Personale/ia/work/sito_programmazione/appuntidiprogrammazione/generazione_slide/output_img/db/Advanced_Replication_HA/Logical_Replication_Slots_e_Upgrade_Near_Zero_Downtime_,Db: Logical Replication Slots e Upgrade Near Zero Downtime ,#database #db #postgresql #sql #backend #developers #coding #programming
2026-09-30,/disco2/dati_home/Scaricati/Personale/ia/work/sito_programmazione/appuntidiprogrammazione/generazione_slide/output_img/db/Advanced_Replication_HA/Titolo,Db: Titolo,#database #db #postgresql #sql #backend #developers #coding #programming
2026-10-05,/disco2/dati_home/Scaricati/Personale/ia/work/sito_programmazione/appuntidiprogrammazione/generazione_slide/output_img/db/Advanced_Replication_HA/Logical_Decoding_Replication_Slots,Db: Logical Decoding Replication Slots,#database #db #postgresql #sql #backend #developers #coding #programming
2026-10-07,/disco2/dati_home/Scaricati/Personale/ia/work/sito_programmazione/appuntidiprogrammazione/generazione_slide/output_img/db/Advanced_Replication_HA/Synchronous_Commit_Performance_Trade_off,Db: Synchronous Commit Performance Trade off,#database #db #postgresql #sql #backend #developers #coding #programming
2026-10-12,/disco2/dati_home/Scaricati/Personale/ia/work/sito_programmazione/appuntidiprogrammazione/generazione_slide/output_img/db/Advanced_Replication_HA/Conflict_Detection_in_Logical_Replication,Db: Conflict Detection in Logical Replication,#database #db #postgresql #sql #backend #developers #coding #programming
2026-10-14,/disco2/dati_home/Scaricati/Personale/ia/work/sito_programmazione/appuntidiprogrammazione/generazione_slide/output_img/db/Advanced_Replication_HA/WAL_Archiving_Point_In_Time_Recovery_PITR_,Db: WAL Archiving Point In Time Recovery PITR ,#database #db #postgresql #sql #backend #developers #coding #programming
2026-10-19,/disco2/dati_home/Scaricati/Personale/ia/work/sito_programmazione/appuntidiprogrammazione/generazione_slide/output_img/db/Advanced_Replication_HA/Cascading_Replication_per_Scalabilit_Geografica,Db: Cascading Replication per Scalabilit Geografica,#database #db #postgresql #sql #backend #developers #coding #programming
2026-10-21,/disco2/dati_home/Scaricati/Personale/ia/work/sito_programmazione/appuntidiprogrammazione/generazione_slide/output_img/db/Advanced_Replication_HA/Quorum_based_Synchronous_Replication,Db: Quorum based Synchronous Replication,#database #db #postgresql #sql #backend #developers #coding #programming
2026-10-26,/disco2/dati_home/Scaricati/Personale/ia/work/sito_programmazione/appuntidiprogrammazione/generazione_slide/output_img/db/Query_Opt_Planner/Join_Order_Control_join_collapse_limit_,Db: Join Order Control join collapse limit ,#database #db #postgresql #sql #backend #developers #coding #programming
2026-10-28,/disco2/dati_home/Scaricati/Personale/ia/work/sito_programmazione/appuntidiprogrammazione/generazione_slide/output_img/db/Query_Opt_Planner/JIT_Compilation_Tuning,Db: JIT Compilation Tuning,#database #db #postgresql #sql #backend #developers #coding #programming
2026-11-02,/disco2/dati_home/Scaricati/Personale/ia/work/sito_programmazione/appuntidiprogrammazione/generazione_slide/output_img/db/Query_Opt_Planner/Materialized_CTE_vs_Inline,Db: Materialized CTE vs Inline,#database #db #postgresql #sql #backend #developers #coding #programming
2026-11-04,/disco2/dati_home/Scaricati/Personale/ia/work/sito_programmazione/appuntidiprogrammazione/generazione_slide/output_img/db/Query_Opt_Planner/Interpretazione_di_EXPLAIN_BUFFERS,Db: Interpretazione di EXPLAIN BUFFERS,#database #db #postgresql #sql #backend #developers #coding #programming
2026-11-09,/disco2/dati_home/Scaricati/Personale/ia/work/sito_programmazione/appuntidiprogrammazione/generazione_slide/output_img/db/Query_Opt_Planner/Index_Scan_vs_Bitmap_Scan,Db: Index Scan vs Bitmap Scan,#database #db #postgresql #sql #backend #developers #coding #programming
2026-11-11,/disco2/dati_home/Scaricati/Personale/ia/work/sito_programmazione/appuntidiprogrammazione/generazione_slide/output_img/db/Query_Opt_Planner/Statistics_Target_e_Selettivit_,Db: Statistics Target e Selettivit ,#database #db #postgresql #sql #backend #developers #coding #programming
2026-11-16,/disco2/dati_home/Scaricati/Personale/ia/work/sito_programmazione/appuntidiprogrammazione/generazione_slide/output_img/db/Query_Opt_Planner/Funzioni_Volatili_e_Optimization_Fence,Db: Funzioni Volatili e Optimization Fence,#database #db #postgresql #sql #backend #developers #coding #programming
2026-11-18,/disco2/dati_home/Scaricati/Personale/ia/work/sito_programmazione/appuntidiprogrammazione/generazione_slide/output_img/db/Query_Opt_Planner/Tuning_del_Random_Page_Cost,Db: Tuning del Random Page Cost,#database #db #postgresql #sql #backend #developers #coding #programming
2026-11-23,/disco2/dati_home/Scaricati/Personale/ia/work/sito_programmazione/appuntidiprogrammazione/generazione_slide/output_img/db/Query_Opt_Planner/Parallel_Query_Tuning,Db: Parallel Query Tuning,#database #db #postgresql #sql #backend #developers #coding #programming
2026-11-25,/disco2/dati_home/Scaricati/Personale/ia/work/sito_programmazione/appuntidiprogrammazione/generazione_slide/output_img/db/Query_Opt_Planner/Extended_Statistics_CREATE_STATISTICS_,Db: Extended Statistics CREATE STATISTICS ,#database #db #postgresql #sql #backend #developers #coding #programming
2026-11-30,/disco2/dati_home/Scaricati/Personale/ia/work/sito_programmazione/appuntidiprogrammazione/generazione_slide/output_img/db/Vacuum_Storage/Monitoring_I_O_con_pg_stat_bgwriter,Db: Monitoring I O con pg stat bgwriter,#database #db #postgresql #sql #backend #developers #coding #programming
2026-12-02,/disco2/dati_home/Scaricati/Personale/ia/work/sito_programmazione/appuntidiprogrammazione/generazione_slide/output_img/db/Vacuum_Storage/Visibility_Map_e_Index_Scans,Db: Visibility Map e Index Scans,#database #db #postgresql #sql #backend #developers #coding #programming
2026-12-07,/disco2/dati_home/Scaricati/Personale/ia/work/sito_programmazione/appuntidiprogrammazione/generazione_slide/output_img/db/Vacuum_Storage/Freezing_Wraparound_Prevention,Db: Freezing Wraparound Prevention,#database #db #postgresql #sql #backend #developers #coding #programming
2026-12-09,/disco2/dati_home/Scaricati/Personale/ia/work/sito_programmazione/appuntidiprogrammazione/generazione_slide/output_img/db/Vacuum_Storage/Bloat_Analysis_pg_repack,Db: Bloat Analysis pg repack,#database #db #postgresql #sql #backend #developers #coding #programming
2026-12-14,/disco2/dati_home/Scaricati/Personale/ia/work/sito_programmazione/appuntidiprogrammazione/generazione_slide/output_img/db/Vacuum_Storage/Autovacuum_Tuning_Cost_Based_,Db: Autovacuum Tuning Cost Based ,#database #db #postgresql #sql #backend #developers #coding #programming
2026-12-16,/disco2/dati_home/Scaricati/Personale/ia/work/sito_programmazione/appuntidiprogrammazione/generazione_slide/output_img/db/Vacuum_Storage/TOAST_Storage_Strategies,Db: TOAST Storage Strategies,#database #db #postgresql #sql #backend #developers #coding #programming
2026-12-21,/disco2/dati_home/Scaricati/Personale/ia/work/sito_programmazione/appuntidiprogrammazione/generazione_slide/output_img/db/Vacuum_Storage/FSM_e_VM_Gestione_dello_spazio_libero,Db: FSM e VM Gestione dello spazio libero,#database #db #postgresql #sql #backend #developers #coding #programming
2026-12-23,/disco2/dati_home/Scaricati/Personale/ia/work/sito_programmazione/appuntidiprogrammazione/generazione_slide/output_img/db/Vacuum_Storage/Fillfactor_e_HOT_Updates,Db: Fillfactor e HOT Updates,#database #db #postgresql #sql #backend #developers #coding #programming
2026-12-28,/disco2/dati_home/Scaricati/Personale/ia/work/sito_programmazione/appuntidiprogrammazione/generazione_slide/output_img/db/Vacuum_Storage/Index_Bloat_e_REINDEX_CONCURRENTLY,Db: Index Bloat e REINDEX CONCURRENTLY,#database #db #postgresql #sql #backend #developers #coding #programming
2026-12-30,/disco2/dati_home/Scaricati/Personale/ia/work/sito_programmazione/appuntidiprogrammazione/generazione_slide/output_img/db/Indexing_Internals/Indici_GIN_su_Array_e_JSONB,Db: Indici GIN su Array e JSONB,#database #db #postgresql #sql #backend #developers #coding #programming
2027-01-04,/disco2/dati_home/Scaricati/Personale/ia/work/sito_programmazione/appuntidiprogrammazione/generazione_slide/output_img/db/Indexing_Internals/Covering_Indexes_Clausola_INCLUDE_,Db: Covering Indexes Clausola INCLUDE ,#database #db #postgresql #sql #backend #developers #coding #programming
2027-01-06,/disco2/dati_home/Scaricati/Personale/ia/work/sito_programmazione/appuntidiprogrammazione/generazione_slide/output_img/db/Indexing_Internals/GIN_Index_e_Pending_List_Tuning,Db: GIN Index e Pending List Tuning,#database #db #postgresql #sql #backend #developers #coding #programming
2027-01-11,/disco2/dati_home/Scaricati/Personale/ia/work/sito_programmazione/appuntidiprogrammazione/generazione_slide/output_img/db/Indexing_Internals/BRIN_Indici_per_dataset_massivi,Db: BRIN Indici per dataset massivi,#database #db #postgresql #sql #backend #developers #coding #programming
2027-01-13,/disco2/dati_home/Scaricati/Personale/ia/work/sito_programmazione/appuntidiprogrammazione/generazione_slide/output_img/db/Indexing_Internals/GiST_e_il_problema_delle_Bounding_Box,Db: GiST e il problema delle Bounding Box,#database #db #postgresql #sql #backend #developers #coding #programming
2027-01-18,/disco2/dati_home/Scaricati/Personale/ia/work/sito_programmazione/appuntidiprogrammazione/generazione_slide/output_img/db/Indexing_Internals/Partial_Indexes_per_ridurre_l_overhead,Db: Partial Indexes per ridurre l overhead,#database #db #postgresql #sql #backend #developers #coding #programming
2027-01-20,/disco2/dati_home/Scaricati/Personale/ia/work/sito_programmazione/appuntidiprogrammazione/generazione_slide/output_img/db/Indexing_Internals/B_Tree_Index_Bloat_Fillfactor,Db: B Tree Index Bloat Fillfactor,#database #db #postgresql #sql #backend #developers #coding #programming
2027-01-25,/disco2/dati_home/Scaricati/Personale/ia/work/sito_programmazione/appuntidiprogrammazione/generazione_slide/output_img/db/Indexing_Internals/SP_GiST_per_Dati_Non_Bilanciati,Db: SP GiST per Dati Non Bilanciati,#database #db #postgresql #sql #backend #developers #coding #programming
2027-01-27,/disco2/dati_home/Scaricati/Personale/ia/work/sito_programmazione/appuntidiprogrammazione/generazione_slide/output_img/db/Indexing_Internals/Indici_su_Espressioni_Functional_Indexes_,Db: Indici su Espressioni Functional Indexes ,#database #db #postgresql #sql #backend #developers #coding #programming
2027-02-01,/disco2/dati_home/Scaricati/Personale/ia/work/sito_programmazione/appuntidiprogrammazione/generazione_slide/output_img/db/Indexing_Internals/Multi_column_Indexes_e_l_ordine_delle_colonne,Db: Multi column Indexes e l ordine delle colonne,#database #db #postgresql #sql #backend #developers #coding #programming
2027-02-03,/disco2/dati_home/Scaricati/Personale/ia/work/sito_programmazione/appuntidiprogrammazione/generazione_slide/output_img/db/Concorrenza_e_Locking_Approfond/Vacuum_Pre_emptive_Locking,Db: Vacuum Pre emptive Locking,#database #db #postgresql #sql #backend #developers #coding #programming
2027-02-08,/disco2/dati_home/Scaricati/Personale/ia/work/sito_programmazione/appuntidiprogrammazione/generazione_slide/output_img/db/Concorrenza_e_Locking_Approfond/Wait_Queues_e_Lock_Priority,Db: Wait Queues e Lock Priority,#database #db #postgresql #sql #backend #developers #coding #programming
2027-02-10,/disco2/dati_home/Scaricati/Personale/ia/work/sito_programmazione/appuntidiprogrammazione/generazione_slide/output_img/db/Concorrenza_e_Locking_Approfond/Subtransactions_e_Lock_Overflow,Db: Subtransactions e Lock Overflow,#database #db #postgresql #sql #backend #developers #coding #programming
2027-02-15,/disco2/dati_home/Scaricati/Personale/ia/work/sito_programmazione/appuntidiprogrammazione/generazione_slide/output_img/db/Concorrenza_e_Locking_Approfond/Predicate_Locking_in_SSI,Db: Predicate Locking in SSI,#database #db #postgresql #sql #backend #developers #coding #programming
2027-02-17,/disco2/dati_home/Scaricati/Personale/ia/work/sito_programmazione/appuntidiprogrammazione/generazione_slide/output_img/db/Concorrenza_e_Locking_Approfond/Transaction_ID_XID_Wraparound,Db: Transaction ID XID Wraparound,#database #db #postgresql #sql #backend #developers #coding #programming
2027-02-22,/disco2/dati_home/Scaricati/Personale/ia/work/sito_programmazione/appuntidiprogrammazione/generazione_slide/output_img/db/Concorrenza_e_Locking_Approfond/Locking_su_Partizioni,Db: Locking su Partizioni,#database #db #postgresql #sql #backend #developers #coding #programming
2027-02-24,/disco2/dati_home/Scaricati/Personale/ia/work/sito_programmazione/appuntidiprogrammazione/generazione_slide/output_img/db/Concorrenza_e_Locking_Approfond/Serializable_Snapshot_Isolation_SSI_,Db: Serializable Snapshot Isolation SSI ,#database #db #postgresql #sql #backend #developers #coding #programming
2027-03-01,/disco2/dati_home/Scaricati/Personale/ia/work/sito_programmazione/appuntidiprogrammazione/generazione_slide/output_img/db/Concorrenza_e_Locking_Approfond/Deadlock_Timeout_e_Analisi_Log,Db: Deadlock Timeout e Analisi Log,#database #db #postgresql #sql #backend #developers #coding #programming
2027-03-03,/disco2/dati_home/Scaricati/Personale/ia/work/sito_programmazione/appuntidiprogrammazione/generazione_slide/output_img/db/Concorrenza_e_Locking_Approfond/Row_Level_Security_RLS_e_Concorrenza,Db: Row Level Security RLS e Concorrenza,#database #db #postgresql #sql #backend #developers #coding #programming
2027-03-08,/disco2/dati_home/Scaricati/Personale/ia/work/sito_programmazione/appuntidiprogrammazione/generazione_slide/output_img/db/Concorrenza_e_Locking_Approfond/Explicit_Table_Locking_SHARE_EXCLUSIVE_,Db: Explicit Table Locking SHARE EXCLUSIVE ,#database #db #postgresql #sql #backend #developers #coding #programming
2027-03-10,/disco2/dati_home/Scaricati/Personale/ia/work/sito_programmazione/appuntidiprogrammazione/generazione_slide/output_img/db/Concorrenza_e_Locking_Approfond/Locking_in_Full_Text_Search,Db: Locking in Full Text Search,#database #db #postgresql #sql #backend #developers #coding #programming
2027-03-15,/disco2/dati_home/Scaricati/Personale/ia/work/sito_programmazione/appuntidiprogrammazione/generazione_slide/output_img/db/Concorrenza_e_Locking_Approfond/FOR_UPDATE_NOWAIT,Db: FOR UPDATE NOWAIT,#database #db #postgresql #sql #backend #developers #coding #programming
2027-03-17,/disco2/dati_home/Scaricati/Personale/ia/work/sito_programmazione/appuntidiprogrammazione/generazione_slide/output_img/db/Concorrenza_e_Locking_Approfond/Multiversion_Concurrency_Control_MVCC_Internals,Db: Multiversion Concurrency Control MVCC Internals,#database #db #postgresql #sql #backend #developers #coding #programming
2027-03-22,/disco2/dati_home/Scaricati/Personale/ia/work/sito_programmazione/appuntidiprogrammazione/generazione_slide/output_img/db/Concorrenza_e_Locking_Approfond/Index_Only_Scans_e_Visibilit_,Db: Index Only Scans e Visibilit ,#database #db #postgresql #sql #backend #developers #coding #programming
2027-03-24,/disco2/dati_home/Scaricati/Personale/ia/work/sito_programmazione/appuntidiprogrammazione/generazione_slide/output_img/db/Concorrenza_e_Locking_Approfond/Lock_Monitoring_Diagnosis,Db: Lock Monitoring Diagnosis,#database #db #postgresql #sql #backend #developers #coding #programming
2027-03-29,/disco2/dati_home/Scaricati/Personale/ia/work/sito_programmazione/appuntidiprogrammazione/generazione_slide/output_img/db/Concorrenza_e_Locking_Approfond/Hot_Standby_Feedback,Db: Hot Standby Feedback,#database #db #postgresql #sql #backend #developers #coding #programming
2027-03-31,/disco2/dati_home/Scaricati/Personale/ia/work/sito_programmazione/appuntidiprogrammazione/generazione_slide/output_img/java/JNI_Project_Panama/Migrazione_a_FFM_API_Panama_,Java: Migrazione a FFM API Panama ,#java #springboot #developers #programmers #backend #developers #coding #programming
2027-04-05,/disco2/dati_home/Scaricati/Personale/ia/work/sito_programmazione/appuntidiprogrammazione/generazione_slide/output_img/java/JNI_Project_Panama/Thread_Safety_e_Native_State,Java: Thread Safety e Native State,#java #springboot #developers #programmers #backend #developers #coding #programming
2027-04-07,/disco2/dati_home/Scaricati/Personale/ia/work/sito_programmazione/appuntidiprogrammazione/generazione_slide/output_img/java/JNI_Project_Panama/Evitare_il_Context_Switch_Overhead,Java: Evitare il Context Switch Overhead,#java #springboot #developers #programmers #backend #developers #coding #programming
2027-04-12,/disco2/dati_home/Scaricati/Personale/ia/work/sito_programmazione/appuntidiprogrammazione/generazione_slide/output_img/java/JNI_Project_Panama/Diagnostica_OutOfMemory_Nativo,Java: Diagnostica OutOfMemory Nativo,#java #springboot #developers #programmers #backend #developers #coding #programming
2027-04-14,/disco2/dati_home/Scaricati/Personale/ia/work/sito_programmazione/appuntidiprogrammazione/generazione_slide/output_img/java/JNI_Project_Panama/Upcalls_Chiamare_Java_dal_C,Java: Upcalls Chiamare Java dal C,#java #springboot #developers #programmers #backend #developers #coding #programming
2027-04-19,/disco2/dati_home/Scaricati/Personale/ia/work/sito_programmazione/appuntidiprogrammazione/generazione_slide/output_img/java/JNI_Project_Panama/Linker_Options_e_Variadic_Functions,Java: Linker Options e Variadic Functions,#java #springboot #developers #programmers #backend #developers #coding #programming
2027-04-21,/disco2/dati_home/Scaricati/Personale/ia/work/sito_programmazione/appuntidiprogrammazione/generazione_slide/output_img/java/JNI_Project_Panama/Memory_Layouts_e_C_Structs,Java: Memory Layouts e C Structs,#java #springboot #developers #programmers #backend #developers #coding #programming
2027-04-26,/disco2/dati_home/Scaricati/Personale/ia/work/sito_programmazione/appuntidiprogrammazione/generazione_slide/output_img/java/JNI_Project_Panama/JNI_Critical_Sections_e_GC,Java: JNI Critical Sections e GC,#java #springboot #developers #programmers #backend #developers #coding #programming
2027-04-28,/disco2/dati_home/Scaricati/Personale/ia/work/sito_programmazione/appuntidiprogrammazione/generazione_slide/output_img/java/JNI_Project_Panama/Zero_Copy_I_O_con_Memory_Mapping,Java: Zero Copy I O con Memory Mapping,#java #springboot #developers #programmers #backend #developers #coding #programming
2027-05-03,/disco2/dati_home/Scaricati/Personale/ia/work/sito_programmazione/appuntidiprogrammazione/generazione_slide/output_img/java/JNI_Project_Panama/Gestione_della_Memoria_con_Arena,Java: Gestione della Memoria con Arena,#java #springboot #developers #programmers #backend #developers #coding #programming
2027-05-05,/disco2/dati_home/Scaricati/Personale/ia/work/sito_programmazione/appuntidiprogrammazione/generazione_slide/output_img/java/JVM_Tuning_Garbage_Collection/Metaspace_e_ClassLoader_Leaks,Java: Metaspace e ClassLoader Leaks,#java #springboot #developers #programmers #backend #developers #coding #programming
2027-05-10,/disco2/dati_home/Scaricati/Personale/ia/work/sito_programmazione/appuntidiprogrammazione/generazione_slide/output_img/java/JVM_Tuning_Garbage_Collection/G1GC_e_Humongous_Objects,Java: G1GC e Humongous Objects,#java #springboot #developers #programmers #backend #developers #coding #programming
2027-05-12,/disco2/dati_home/Scaricati/Personale/ia/work/sito_programmazione/appuntidiprogrammazione/generazione_slide/output_img/java/JVM_Tuning_Garbage_Collection/Container_Awareness_e_MaxRAMPercentage,Java: Container Awareness e MaxRAMPercentage,#java #springboot #developers #programmers #backend #developers #coding #programming
2027-05-17,/disco2/dati_home/Scaricati/Personale/ia/work/sito_programmazione/appuntidiprogrammazione/generazione_slide/output_img/java/JVM_Tuning_Garbage_Collection/ZGC_e_Low_Latency_sotto_i_10ms,Java: ZGC e Low Latency sotto i 10ms,#java #springboot #developers #programmers #backend #developers #coding #programming
2027-05-19,/disco2/dati_home/Scaricati/Personale/ia/work/sito_programmazione/appuntidiprogrammazione/generazione_slide/output_img/java/JVM_Tuning_Garbage_Collection/Diagnosticare_il_GC_Thrashing,Java: Diagnosticare il GC Thrashing,#java #springboot #developers #programmers #backend #developers #coding #programming
2027-05-24,/disco2/dati_home/Scaricati/Personale/ia/work/sito_programmazione/appuntidiprogrammazione/generazione_slide/output_img/java/JVM_Tuning_Garbage_Collection/Java_Flight_Recorder_JFR_in_Prod,Java: Java Flight Recorder JFR in Prod,#java #springboot #developers #programmers #backend #developers #coding #programming
2027-05-26,/disco2/dati_home/Scaricati/Personale/ia/work/sito_programmazione/appuntidiprogrammazione/generazione_slide/output_img/java/JVM_Tuning_Garbage_Collection/AlwaysPreTouch_per_il_Cold_Start,Java: AlwaysPreTouch per il Cold Start,#java #springboot #developers #programmers #backend #developers #coding #programming
2027-05-31,/disco2/dati_home/Scaricati/Personale/ia/work/sito_programmazione/appuntidiprogrammazione/generazione_slide/output_img/java/JVM_Tuning_Garbage_Collection/String_Deduplication_in_G1GC,Java: String Deduplication in G1GC,#java #springboot #developers #programmers #backend #developers #coding #programming
2027-06-02,/disco2/dati_home/Scaricati/Personale/ia/work/sito_programmazione/appuntidiprogrammazione/generazione_slide/output_img/java/JVM_Tuning_Garbage_Collection/TLAB_Thread_Local_Allocation_Buffers_,Java: TLAB Thread Local Allocation Buffers ,#java #springboot #developers #programmers #backend #developers #coding #programming
2027-06-07,/disco2/dati_home/Scaricati/Personale/ia/work/sito_programmazione/appuntidiprogrammazione/generazione_slide/output_img/java/JVM_Tuning_Garbage_Collection/Direct_Memory_e_NIO_Buffers,Java: Direct Memory e NIO Buffers,#java #springboot #developers #programmers #backend #developers #coding #programming
2027-06-09,/disco2/dati_home/Scaricati/Personale/ia/work/sito_programmazione/appuntidiprogrammazione/generazione_slide/output_img/java/Advanced_Reflection_Metaprogr/VarHandle_per_Accesso_Atomico,Java: VarHandle per Accesso Atomico,#java #springboot #developers #programmers #backend #developers #coding #programming
2027-06-14,/disco2/dati_home/Scaricati/Personale/ia/work/sito_programmazione/appuntidiprogrammazione/generazione_slide/output_img/java/Advanced_Reflection_Metaprogr/ByteBuddy_e_il_Runtime_Proxying,Java: ByteBuddy e il Runtime Proxying,#java #springboot #developers #programmers #backend #developers #coding #programming
2027-06-16,/disco2/dati_home/Scaricati/Personale/ia/work/sito_programmazione/appuntidiprogrammazione/generazione_slide/output_img/java/Advanced_Reflection_Metaprogr/Dynamic_Proxy_e_Interface_Invocation,Java: Dynamic Proxy e Interface Invocation,#java #springboot #developers #programmers #backend #developers #coding #programming
2027-06-21,/disco2/dati_home/Scaricati/Personale/ia/work/sito_programmazione/appuntidiprogrammazione/generazione_slide/output_img/java/Advanced_Reflection_Metaprogr/Class_Data_Sharing_CDS_,Java: Class Data Sharing CDS ,#java #springboot #developers #programmers #backend #developers #coding #programming
2027-06-23,/disco2/dati_home/Scaricati/Personale/ia/work/sito_programmazione/appuntidiprogrammazione/generazione_slide/output_img/java/Advanced_Reflection_Metaprogr/Deep_Reflection_e_Moduli_Project_Jigsaw_,Java: Deep Reflection e Moduli Project Jigsaw ,#java #springboot #developers #programmers #backend #developers #coding #programming
2027-06-28,/disco2/dati_home/Scaricati/Personale/ia/work/sito_programmazione/appuntidiprogrammazione/generazione_slide/output_img/java/Advanced_Reflection_Metaprogr/MethodHandle_vs_Reflection,Java: MethodHandle vs Reflection,#java #springboot #developers #programmers #backend #developers #coding #programming
2027-06-30,/disco2/dati_home/Scaricati/Personale/ia/work/sito_programmazione/appuntidiprogrammazione/generazione_slide/output_img/java/Advanced_Reflection_Metaprogr/Instrumenting_Java_Agents,Java: Instrumenting Java Agents,#java #springboot #developers #programmers #backend #developers #coding #programming
2027-07-05,/disco2/dati_home/Scaricati/Personale/ia/work/sito_programmazione/appuntidiprogrammazione/generazione_slide/output_img/java/Advanced_Reflection_Metaprogr/Reflection_Inflation_e_JIT,Java: Reflection Inflation e JIT,#java #springboot #developers #programmers #backend #developers #coding #programming
2027-07-07,/disco2/dati_home/Scaricati/Personale/ia/work/sito_programmazione/appuntidiprogrammazione/generazione_slide/output_img/java/Advanced_Reflection_Metaprogr/Invokedynamic_e_Lambda_Metafactory,Java: Invokedynamic e Lambda Metafactory,#java #springboot #developers #programmers #backend #developers #coding #programming
2027-07-12,/disco2/dati_home/Scaricati/Personale/ia/work/sito_programmazione/appuntidiprogrammazione/generazione_slide/output_img/java/Advanced_Reflection_Metaprogr/Annotation_Processing_JSR_269_,Java: Annotation Processing JSR 269 ,#java #springboot #developers #programmers #backend #developers #coding #programming
2027-07-14,/disco2/dati_home/Scaricati/Personale/ia/work/sito_programmazione/appuntidiprogrammazione/generazione_slide/output_img/java/Memory_Performance/Eliminare_i_Memory_Leak_da_Listener,Java: Eliminare i Memory Leak da Listener,#java #springboot #developers #programmers #backend #developers #coding #programming
2027-07-19,/disco2/dati_home/Scaricati/Personale/ia/work/sito_programmazione/appuntidiprogrammazione/generazione_slide/output_img/java/Memory_Performance/String_intern_e_StringTable,Java: String intern e StringTable,#java #springboot #developers #programmers #backend #developers #coding #programming
2027-07-21,/disco2/dati_home/Scaricati/Personale/ia/work/sito_programmazione/appuntidiprogrammazione/generazione_slide/output_img/java/Memory_Performance/Locality_of_Reference_e_L1_L2_Cache,Java: Locality of Reference e L1 L2 Cache,#java #springboot #developers #programmers #backend #developers #coding #programming
2027-07-26,/disco2/dati_home/Scaricati/Personale/ia/work/sito_programmazione/appuntidiprogrammazione/generazione_slide/output_img/java/Memory_Performance/Microbenchmarking_con_JMH,Java: Microbenchmarking con JMH,#java #springboot #developers #programmers #backend #developers #coding #programming
2027-07-28,/disco2/dati_home/Scaricati/Personale/ia/work/sito_programmazione/appuntidiprogrammazione/generazione_slide/output_img/java/Memory_Performance/Object_Pooling_per_Risorse_Native,Java: Object Pooling per Risorse Native,#java #springboot #developers #programmers #backend #developers #coding #programming
2027-08-02,/disco2/dati_home/Scaricati/Personale/ia/work/sito_programmazione/appuntidiprogrammazione/generazione_slide/output_img/java/Memory_Performance/HashMap_e_il_carico_di_collisione,Java: HashMap e il carico di collisione,#java #springboot #developers #programmers #backend #developers #coding #programming
2027-08-04,/disco2/dati_home/Scaricati/Personale/ia/work/sito_programmazione/appuntidiprogrammazione/generazione_slide/output_img/java/Memory_Performance/Jackson_Afterburner_per_il_Parsing_JSON,Java: Jackson Afterburner per il Parsing JSON,#java #springboot #developers #programmers #backend #developers #coding #programming
2027-08-09,/disco2/dati_home/Scaricati/Personale/ia/work/sito_programmazione/appuntidiprogrammazione/generazione_slide/output_img/java/Memory_Performance/Exception_Handling_il_costo_dello_Stacktrace,Java: Exception Handling il costo dello Stacktrace,#java #springboot #developers #programmers #backend #developers #coding #programming
2027-08-11,/disco2/dati_home/Scaricati/Personale/ia/work/sito_programmazione/appuntidiprogrammazione/generazione_slide/output_img/java/Memory_Performance/CharSequence_vs_String_substring,Java: CharSequence vs String substring,#java #springboot #developers #programmers #backend #developers #coding #programming
2027-08-16,/disco2/dati_home/Scaricati/Personale/ia/work/sito_programmazione/appuntidiprogrammazione/generazione_slide/output_img/java/Memory_Performance/Evitare_l_Autoboxing_nei_Loop,Java: Evitare l Autoboxing nei Loop,#java #springboot #developers #programmers #backend #developers #coding #programming
2027-08-18,/disco2/dati_home/Scaricati/Personale/ia/work/sito_programmazione/appuntidiprogrammazione/generazione_slide/output_img/java/Concurrency_Multithreading/Phaser_per_Sincronizzazione_Dinamica,Java: Phaser per Sincronizzazione Dinamica,#java #springboot #developers #programmers #backend #developers #coding #programming
2027-08-23,/disco2/dati_home/Scaricati/Personale/ia/work/sito_programmazione/appuntidiprogrammazione/generazione_slide/output_img/java/Concurrency_Multithreading/Evitare_il_False_Sharing_con_Contended,Java: Evitare il False Sharing con Contended,#java #springboot #developers #programmers #backend #developers #coding #programming
2027-08-25,/disco2/dati_home/Scaricati/Personale/ia/work/sito_programmazione/appuntidiprogrammazione/generazione_slide/output_img/java/Concurrency_Multithreading/ThreadLocal_e_Memory_Leak,Java: ThreadLocal e Memory Leak,#java #springboot #developers #programmers #backend #developers #coding #programming
2027-08-30,/disco2/dati_home/Scaricati/Personale/ia/work/sito_programmazione/appuntidiprogrammazione/generazione_slide/output_img/java/Concurrency_Multithreading/CompletableFuture_per_Pipeline_Reattive,Java: CompletableFuture per Pipeline Reattive,#java #springboot #developers #programmers #backend #developers #coding #programming
2027-09-01,/disco2/dati_home/Scaricati/Personale/ia/work/sito_programmazione/appuntidiprogrammazione/generazione_slide/output_img/java/Concurrency_Multithreading/Backpressure_con_Semaphores,Java: Backpressure con Semaphores,#java #springboot #developers #programmers #backend #developers #coding #programming
2027-09-06,/disco2/dati_home/Scaricati/Personale/ia/work/sito_programmazione/appuntidiprogrammazione/generazione_slide/output_img/java/Concurrency_Multithreading/Optimistic_Locking_con_StampedLock,Java: Optimistic Locking con StampedLock,#java #springboot #developers #programmers #backend #developers #coding #programming
2027-09-08,/disco2/dati_home/Scaricati/Personale/ia/work/sito_programmazione/appuntidiprogrammazione/generazione_slide/output_img/java/Concurrency_Multithreading/Timeout_e_Safety_nei_Lock,Java: Timeout e Safety nei Lock,#java #springboot #developers #programmers #backend #developers #coding #programming
2027-09-13,/disco2/dati_home/Scaricati/Personale/ia/work/sito_programmazione/appuntidiprogrammazione/generazione_slide/output_img/java/Concurrency_Multithreading/Virtual_Threads_I_O_Bound_Tasks,Java: Virtual Threads I O Bound Tasks,#java #springboot #developers #programmers #backend #developers #coding #programming
2027-09-15,/disco2/dati_home/Scaricati/Personale/ia/work/sito_programmazione/appuntidiprogrammazione/generazione_slide/output_img/java/Concurrency_Multithreading/Work_Stealing_con_ForkJoinPool,Java: Work Stealing con ForkJoinPool,#java #springboot #developers #programmers #backend #developers #coding #programming
2027-09-20,/disco2/dati_home/Scaricati/Personale/ia/work/sito_programmazione/appuntidiprogrammazione/generazione_slide/output_img/java/Concurrency_Multithreading/AtomicFieldUpdater_per_ridurre_l_overhead,Java: AtomicFieldUpdater per ridurre l overhead,#java #springboot #developers #programmers #backend #developers #coding #programming
